PaymentID,OrderID,Amount,Mode,Status,PaymentDate,TransactionRef
PAY0001,ORD0030,989.14,UPI,Pending,2025-02-19,e49cf47d-642
PAY0002,ORD0048,14415.0,Cash,Refunded,2026-03-10,acd4d0e5-03e
PAY0003,ORD0066,951.78,Wallet,Failed,2026-02-25,7b469728-387
PAY0004,ORD0030,12968.98,Credit Card,Pending,2025-07-18,d5f39f2b-ea7
PAY0005,ORD0084,11967.46,Debit Card,Failed,2025-08-09,e83a4f7a-d0c
PAY0006,ORD0099,8760.48,UPI,Success,2026-04-07,08d51805-189
PAY0007,ORD0005,14353.93,Wallet,Refunded,2026-04-24,79b17d54-e8b
PAY0008,ORD0073,9054.64,Debit Card,Refunded,2024-10-20,8ded6744-d86
PAY0009,ORD0049,12329.29,Net Banking,Success,2026-03-15,484f29be-8fe
PAY0010,ORD0022,2275.83,Cash,Refunded,2025-09-02,6afffc8f-d90
PAY0011,ORD0083,9425.57,Debit Card,Refunded,2024-08-18,0d1d9268-ba2
PAY0012,ORD0050,5208.83,Wallet,Failed,2025-05-19,c5efc322-012
PAY0013,ORD0083,7759.64,Debit Card,Success,2024-12-06,85590fde-833
PAY0014,ORD0015,14707.62,Credit Card,Success,2026-07-10,378595ab-ace
PAY0015,ORD0049,12028.78,UPI,Refunded,2025-10-22,4bb54c9b-d1b
PAY0016,ORD0094,7211.57,Credit Card,Refunded,2025-04-03,4591ebf4-35b
PAY0017,ORD0007,11297.18,Cash,Pending,2024-10-13,8eeea888-28b
PAY0018,ORD0019,5431.61,Net Banking,Success,2025-10-16,c52e3d2c-be2
PAY0019,ORD0041,12658.75,Net Banking,Refunded,2024-11-09,5beb8239-499
PAY0020,ORD0053,9876.53,Net Banking,Pending,2025-01-09,1578fb6a-025
PAY0021,ORD0080,12039.33,Net Banking,Failed,2025-10-20,54e10f02-dca
PAY0022,ORD0083,13643.98,Wallet,Pending,2025-12-20,d5d29983-d65
PAY0023,ORD0031,7136.84,UPI,Refunded,2026-07-20,cdc200df-746
PAY0024,ORD0030,11735.9,Wallet,Refunded,2025-05-06,f82a621f-dba
PAY0025,ORD0049,13407.94,Debit Card,Pending,2024-11-29,d72e480e-ba5
PAY0026,ORD0047,12631.92,UPI,Pending,2025-07-04,25599be3-014
PAY0027,ORD0088,6749.57,Wallet,Success,2025-12-19,34a315b0-26e
PAY0028,ORD0036,1138.72,Credit Card,Refunded,2025-01-07,fafabf94-a09
PAY0029,ORD0084,7094.11,Net Banking,Pending,2024-09-03,2304f93b-c10
PAY0030,ORD0050,3489.43,UPI,Success,2025-01-25,383d4031-097
PAY0031,ORD0018,2737.7,Wallet,Success,2025-11-29,e3442735-454
PAY0032,ORD0026,5639.77,Net Banking,Refunded,2025-11-01,c2c3b4ba-95e
PAY0033,ORD0063,1683.38,Cash,Failed,2026-02-05,e86059da-d44
PAY0034,ORD0012,12076.54,Net Banking,Refunded,2026-03-24,ac9d7ecd-617
PAY0035,ORD0025,6299.6,Debit Card,Failed,2026-02-18,333de4da-8d8
PAY0036,ORD0036,12284.71,Credit Card,Failed,2025-09-16,1c40edc9-b56
PAY0037,ORD0084,10979.64,Credit Card,Pending,2025-10-21,3733ebf2-3c9
PAY0038,ORD0077,6019.88,Wallet,Failed,2024-11-20,6f4d9cf1-987
PAY0039,ORD0073,1749.62,Net Banking,Pending,2024-09-20,45200b3e-4f4
PAY0040,ORD0012,12409.47,UPI,Success,2026-05-27,d4c0cc00-bf4
PAY0041,ORD0089,11367.41,Debit Card,Refunded,2025-10-31,8db0dbd9-b62
PAY0042,ORD0050,6402.59,Credit Card,Pending,2024-11-01,5b478332-333
PAY0043,ORD0062,11169.11,UPI,Success,2026-05-01,4f3e6310-51b
PAY0044,ORD0003,8135.82,Debit Card,Success,2025-02-07,a6dd2549-a92
PAY0045,ORD0063,8321.14,Cash,Refunded,2025-12-05,6df762d3-632
PAY0046,ORD0041,14185.58,Net Banking,Success,2024-12-20,a58670d0-2e9
PAY0047,ORD0075,12795.25,Wallet,Success,2024-12-18,e5b4c52c-6f8
PAY0048,ORD0034,11186.28,UPI,Failed,2026-07-23,9f61515a-eba
PAY0049,ORD0093,723.51,Cash,Failed,2026-05-13,9ac2ee4e-105
PAY0050,ORD0073,644.53,UPI,Failed,2026-03-27,4c98805a-fe1
PAY0051,ORD0050,9286.25,Debit Card,Success,2025-01-13,41dbf2c7-790
PAY0052,ORD0011,3961.05,Wallet,Success,2025-05-02,87ff400e-3c0
PAY0053,ORD0068,5267.24,Net Banking,Refunded,2026-05-02,3d2d708b-b34
PAY0054,ORD0033,1151.49,Wallet,Pending,2025-02-16,ecdc6ade-034
PAY0055,ORD0032,8042.14,UPI,Failed,2025-04-03,8e27271c-c16
PAY0056,ORD0001,2437.57,Net Banking,Refunded,2024-08-31,198fdb56-ce2
PAY0057,ORD0075,2548.32,Cash,Success,2026-03-19,df1271b6-c0e
PAY0058,ORD0062,14697.57,Credit Card,Failed,2026-03-31,e73fa2d5-b47
PAY0059,ORD0024,3982.49,Credit Card,Failed,2025-09-25,b1708bf2-33a
PAY0060,ORD0083,13691.25,Cash,Failed,2025-12-17,240b411b-620
PAY0061,ORD0062,13835.12,Wallet,Failed,2024-09-22,96b0f21c-7b9
PAY0062,ORD0026,14131.11,Net Banking,Pending,2026-02-22,f9139119-d8d
PAY0063,ORD0007,12987.5,Debit Card,Pending,2025-09-27,09d569d8-10a
PAY0064,ORD0037,6340.53,UPI,Pending,2026-05-28,622d2b97-5f7
PAY0065,ORD0047,5847.97,Debit Card,Failed,2026-02-14,da77cf78-264
PAY0066,ORD0044,13097.76,Credit Card,Pending,2026-06-23,1e9ff1d7-0b1
PAY0067,ORD0032,7976.69,Wallet,Refunded,2025-08-01,10b36a20-bd5
PAY0068,ORD0029,9724.56,UPI,Pending,2026-01-30,53a8aea2-f3e
PAY0069,ORD0020,8310.43,Wallet,Success,2025-04-19,27b01f06-60e
PAY0070,ORD0074,650.9,Net Banking,Failed,2025-05-14,dfc34aa1-de7
PAY0071,ORD0064,10125.5,Net Banking,Failed,2024-10-13,cc0472dd-493
PAY0072,ORD0067,6601.86,Wallet,Failed,2025-06-04,4926dd26-bc8
PAY0073,ORD0019,8001.55,Cash,Success,2025-08-07,6324618a-c40
PAY0074,ORD0044,7273.78,Cash,Refunded,2024-11-15,0a191829-b7f
PAY0075,ORD0041,4055.06,Credit Card,Pending,2026-07-21,8f2540ce-3f4
PAY0076,ORD0003,4001.84,UPI,Refunded,2025-06-12,88214200-eda
PAY0077,ORD0087,2874.28,UPI,Pending,2025-06-07,458aca20-ba6
PAY0078,ORD0060,10942.32,UPI,Refunded,2025-07-04,572be500-818
PAY0079,ORD0023,14747.34,Net Banking,Pending,2024-11-02,7bc6bf66-8c0
PAY0080,ORD0089,12325.16,Debit Card,Failed,2026-05-24,243655e1-93d
PAY0081,ORD0078,12215.34,Wallet,Refunded,2024-10-19,205b2401-16c
PAY0082,ORD0079,1283.41,Debit Card,Success,2025-11-23,fe5480fb-1f5
PAY0083,ORD0046,13281.3,Net Banking,Pending,2025-09-23,f0b24ae1-9ac
PAY0084,ORD0071,13598.05,Net Banking,Refunded,2024-09-07,1f9816ce-105
PAY0085,ORD0041,1302.65,Net Banking,Pending,2025-11-09,2fe3e41b-8c3
PAY0086,ORD0074,9239.16,Debit Card,Success,2026-06-15,a44c2888-e04
PAY0087,ORD0042,5669.14,Wallet,Pending,2025-02-14,841d99c4-5cf
PAY0088,ORD0077,9585.73,Debit Card,Success,2026-06-12,54b3bd4a-88d
PAY0089,ORD0050,4612.68,Credit Card,Failed,2025-01-01,5b4cdf91-fb5
PAY0090,ORD0088,10816.09,Credit Card,Success,2025-04-19,195ffad1-730
PAY0091,ORD0027,3640.7,Wallet,Refunded,2024-08-24,d9c67d62-ec6
PAY0092,ORD0010,14608.71,Wallet,Refunded,2025-08-13,8d28b27c-66c
PAY0093,ORD0021,9366.48,Credit Card,Refunded,2026-03-28,0e7343a3-e56
PAY0094,ORD0003,8572.83,Wallet,Refunded,2025-03-31,e801b509-597
PAY0095,ORD0053,9226.14,Debit Card,Refunded,2026-06-09,2ac54392-ea4
PAY0096,ORD0088,6514.49,Cash,Failed,2025-09-21,0e5eaf7c-b91
PAY0097,ORD0018,11730.86,Credit Card,Success,2026-01-23,5b8b314c-f06
PAY0098,ORD0073,11037.96,Wallet,Pending,2025-07-11,eafb0500-df7
PAY0099,ORD0017,11735.0,UPI,Success,2025-07-01,5b657f23-ba8
PAY0100,ORD0039,2737.93,UPI,Refunded,2025-10-27,3bf77f96-93c
