EmployeeID,Name,Department,Designation,Salary,JoiningDate
EMP0001,Donald Walker,Sales,Sales Executive,127196,2023-01-06
EMP0002,Stephanie Miller,Finance,Financial Analyst,59256,2023-12-27
EMP0003,Daniel Wagner,Marketing,Content Strategist,43434,2020-11-03
EMP0004,Matthew Gardner,Sales,Account Manager,85302,2016-11-19
EMP0005,Rhonda Smith,Engineering,Software Engineer,42280,2018-10-29
EMP0006,Gina Moore,Human Resources,HR Executive,96237,2024-09-05
EMP0007,Brandon Davis,Engineering,Senior Software Engineer,123850,2026-03-12
EMP0008,Renee Blair,Customer Support,Support Executive,88878,2025-02-04
EMP0009,Jamie Arnold,Finance,Financial Analyst,129458,2021-12-25
EMP0010,Shannon Ray,Marketing,Content Strategist,85392,2024-11-30
EMP0011,Darren Roberts,Operations,Operations Manager,50379,2023-09-01
EMP0012,Brian Ramirez,Human Resources,HR Manager,43396,2017-06-02
EMP0013,Jacob Clark,Sales,Sales Manager,42676,2022-12-24
EMP0014,Maria Lynch,Operations,Operations Manager,109131,2019-04-17
EMP0015,Carla Gray,Finance,Financial Analyst,125647,2018-05-02
EMP0016,Kristin Cohen,IT,Network Engineer,46361,2026-07-08
EMP0017,Crystal Johnson,Customer Support,Support Executive,102357,2025-01-18
EMP0018,Daniel Hahn,Finance,Finance Manager,111070,2019-10-11
EMP0019,Matthew Foster,Operations,Operations Executive,122349,2025-05-21
EMP0020,Derek Wright,Sales,Sales Executive,116673,2025-10-07
EMP0021,Kevin Hurst,Human Resources,HR Manager,40458,2022-03-27
EMP0022,Zachary Hicks,Human Resources,HR Executive,79823,2020-08-13
EMP0023,Brian Burton,Finance,Accountant,113320,2017-07-13
EMP0024,Arthur James,Operations,Operations Executive,78520,2024-07-17
EMP0025,Tricia Valencia,Operations,Operations Executive,117841,2026-08-01
EMP0026,Melanie Herrera,Finance,Finance Manager,119593,2016-09-25
EMP0027,Ashley Graham,Sales,Account Manager,113227,2019-04-16
EMP0028,Sherri Baker,Marketing,Content Strategist,125568,2021-02-27
EMP0029,Thomas Harrell,Human Resources,HR Executive,90589,2021-08-17
EMP0030,Lisa Hernandez,Customer Support,Support Team Lead,113886,2019-08-10
EMP0031,Paula Moreno,Human Resources,Recruiter,72504,2024-03-31
EMP0032,Alec Hickman,Engineering,Senior Software Engineer,137715,2016-08-17
EMP0033,Elizabeth Brown,Engineering,Engineering Manager,82581,2025-05-29
EMP0034,Angelica Tucker,Finance,Financial Analyst,57653,2025-05-27
EMP0035,Pamela Anderson,Operations,Operations Executive,115909,2017-04-24
EMP0036,Deborah Brennan,IT,IT Support Engineer,145957,2021-05-17
EMP0037,Joshua Blair,IT,System Administrator,64718,2020-11-07
EMP0038,Zachary Santos,Marketing,Marketing Executive,127647,2018-08-19
EMP0039,Barbara Walker,Finance,Finance Manager,106622,2021-01-01
EMP0040,Crystal Robinson,Customer Support,Support Team Lead,77447,2020-01-02
EMP0041,Crystal Whitehead,Human Resources,HR Executive,96784,2017-05-01
EMP0042,David Caldwell,IT,System Administrator,129061,2025-03-21
EMP0043,Timothy Duncan,Engineering,Software Engineer,50033,2018-10-06
EMP0044,Rhonda Lee,Marketing,Content Strategist,85333,2021-05-07
EMP0045,Jeff Owens,Sales,Sales Manager,80019,2017-08-04
EMP0046,Victoria Garcia,IT,Network Engineer,62953,2023-11-30
EMP0047,Scott Wright,Engineering,Software Engineer,119353,2020-08-24
EMP0048,Javier Ramirez,Finance,Finance Manager,74587,2018-07-10
EMP0049,Jessica Callahan,Sales,Sales Manager,86985,2019-02-13
EMP0050,Zachary Huff,Marketing,Marketing Manager,30425,2022-02-15
EMP0051,Sarah Martin,Finance,Finance Manager,129871,2026-04-24
EMP0052,James Brown,Marketing,Content Strategist,149619,2021-06-24
EMP0053,Mrs. Rachel Gibson,Sales,Account Manager,69117,2020-05-30
EMP0054,Whitney Peters,Human Resources,HR Executive,79009,2020-11-07
EMP0055,Edward Novak,Marketing,Content Strategist,132056,2023-10-22
EMP0056,Nicole Brown,Engineering,Engineering Manager,94042,2022-05-31
EMP0057,Sarah Moore,Engineering,Software Engineer,77576,2022-06-19
EMP0058,Cody Larson,Finance,Financial Analyst,37592,2026-03-25
EMP0059,Bryan Zamora,Human Resources,Recruiter,40322,2023-05-17
EMP0060,Lisa Barnes,Sales,Account Manager,93699,2019-01-31
EMP0061,Taylor Harris,Sales,Account Manager,130379,2022-06-17
EMP0062,James Powers,Marketing,Marketing Executive,116474,2023-10-14
EMP0063,Paul Jones,IT,Network Engineer,51643,2019-08-15
EMP0064,Dr. Angel Lewis MD,Finance,Finance Manager,144351,2021-03-16
EMP0065,Sherry Wood,Customer Support,Support Executive,100686,2025-12-15
EMP0066,Michele Carr,Human Resources,Recruiter,70857,2018-03-14
EMP0067,Aimee Montoya,Customer Support,Support Team Lead,87422,2026-06-30
EMP0068,Teresa Taylor,IT,System Administrator,62493,2019-08-13
EMP0069,Juan Nelson,Human Resources,HR Executive,74313,2017-10-10
EMP0070,Christina Walters,Engineering,Senior Software Engineer,107128,2022-09-02
EMP0071,Taylor Mathis Jr.,Human Resources,HR Executive,39305,2019-04-06
EMP0072,Aaron Wise,Engineering,Senior Software Engineer,38834,2020-11-09
EMP0073,Patrick Arnold,Engineering,Engineering Manager,39287,2022-12-29
EMP0074,Benjamin Ware,Human Resources,HR Manager,117684,2020-11-24
EMP0075,Sandra Aguilar,IT,System Administrator,100678,2025-08-30
EMP0076,Eric Nolan,Marketing,Content Strategist,145655,2018-02-06
EMP0077,Stephanie Clark,IT,System Administrator,132841,2024-08-01
EMP0078,Richard Henson,IT,IT Support Engineer,54957,2019-02-12
EMP0079,Brittany Spears,Sales,Sales Executive,116374,2020-09-07
EMP0080,Rita Keith,Customer Support,Support Team Lead,85519,2025-04-08
EMP0081,Evelyn Galvan,Customer Support,Support Team Lead,143224,2016-11-13
EMP0082,Rita Adams,Engineering,Software Engineer,37944,2024-08-23
EMP0083,Shane Garrison,Customer Support,Support Team Lead,134935,2024-06-30
EMP0084,Julia Torres,Sales,Sales Executive,55112,2018-11-05
EMP0085,Alexander Lee,Human Resources,Recruiter,88800,2024-07-29
EMP0086,Tracy Ramirez,Marketing,Marketing Manager,54050,2019-11-27
EMP0087,William Herrera,Finance,Accountant,62742,2023-01-14
EMP0088,Wesley White,Sales,Sales Manager,135909,2026-01-06
EMP0089,Brian Hamilton,Sales,Sales Executive,115477,2026-04-01
EMP0090,Larry Dixon,Engineering,Software Engineer,128771,2023-11-28
EMP0091,Dawn Fletcher,Human Resources,HR Executive,83269,2020-06-22
EMP0092,Kimberly Ball,IT,IT Support Engineer,58016,2016-08-21
EMP0093,Helen Jones,Customer Support,Support Executive,51579,2024-01-16
EMP0094,Erik Charles,Customer Support,Support Executive,81173,2023-04-07
EMP0095,Eric Ortiz,Finance,Accountant,67388,2023-10-27
EMP0096,Cameron Fisher,Customer Support,Support Team Lead,50289,2020-08-23
EMP0097,Stephanie Gilbert,Human Resources,HR Manager,58534,2026-01-10
EMP0098,April Mitchell,Engineering,Software Engineer,128038,2019-08-19
EMP0099,Mary Marshall,Operations,Operations Executive,36572,2020-12-02
EMP0100,John Santana,IT,Network Engineer,141767,2021-01-16
EMP0101,Bradley Robertson,Marketing,Marketing Executive,96562,2024-07-31
EMP0102,Robert Potter,Sales,Sales Executive,38981,2022-12-14
EMP0103,Curtis Johnson,Sales,Account Manager,142960,2023-05-08
EMP0104,Samuel Jones,Human Resources,HR Manager,45713,2019-01-26
EMP0105,Cheyenne Horton,Human Resources,Recruiter,107924,2020-10-06
EMP0106,Matthew Smith,Engineering,Software Engineer,84948,2021-07-25
EMP0107,Ashley Coleman,Operations,Operations Manager,56772,2024-02-18
EMP0108,Kelly Williams,Operations,Operations Executive,64814,2018-05-19
EMP0109,Joyce Solis,Customer Support,Support Executive,118039,2019-02-11
EMP0110,Linda Dodson DVM,Finance,Accountant,71441,2023-04-19
EMP0111,Kathy Rivas,Sales,Sales Executive,90068,2022-10-01
EMP0112,Natasha Wells,Sales,Sales Executive,100468,2022-02-06
EMP0113,Mark Cannon,Human Resources,Recruiter,64760,2019-03-19
EMP0114,Denise Jones,Marketing,Marketing Manager,145456,2021-11-01
EMP0115,Francisco Fernandez,Sales,Sales Executive,78434,2019-06-24
EMP0116,Michael Mccarthy,Finance,Financial Analyst,87433,2018-01-02
EMP0117,Joshua Perry,Finance,Finance Manager,135788,2017-04-06
EMP0118,Taylor Silva,Engineering,Engineering Manager,116951,2018-09-09
EMP0119,Pamela James,Sales,Sales Executive,64664,2023-07-30
EMP0120,Paul Castaneda,Sales,Sales Executive,127310,2016-09-05
EMP0121,Paul Payne,Marketing,Marketing Manager,66930,2026-02-26
EMP0122,Daniel Graham,Human Resources,Recruiter,74942,2022-08-27
EMP0123,Michael Powell,Human Resources,Recruiter,113130,2016-11-29
EMP0124,Cameron Dean,Finance,Finance Manager,94032,2018-04-09
EMP0125,Justin Johnson,Finance,Financial Analyst,42097,2016-11-21
EMP0126,Joel Williams,Customer Support,Support Team Lead,35778,2023-01-18
EMP0127,Gabriel Juarez,Engineering,Engineering Manager,131072,2020-05-30
EMP0128,Sandra King,Marketing,Content Strategist,64335,2020-05-30
EMP0129,Joshua Cooke,Marketing,Content Strategist,87912,2017-06-10
EMP0130,Rachael Pearson,Customer Support,Support Executive,44663,2020-02-14
EMP0131,Christina Smith,Sales,Account Manager,148479,2024-03-01
EMP0132,Michael Elliott,Marketing,Content Strategist,34722,2018-02-22
EMP0133,Pamela Jackson,Operations,Operations Executive,86333,2018-10-20
EMP0134,Ashley Weiss,Marketing,Marketing Executive,70404,2022-09-11
EMP0135,Alexander Collins,Operations,Operations Executive,147823,2026-04-09
EMP0136,Jennifer Espinoza,Operations,Operations Executive,119399,2023-05-25
EMP0137,Lori Garcia,Human Resources,Recruiter,43473,2017-05-19
EMP0138,Lindsay Martinez,Operations,Operations Manager,111351,2024-05-06
EMP0139,Hannah Patterson,Marketing,Marketing Executive,143325,2026-06-17
EMP0140,Gloria Atkinson,Marketing,Marketing Executive,145528,2020-04-29
EMP0141,Tyler Reid,Customer Support,Support Executive,53509,2024-11-04
EMP0142,Jessica Gross,Operations,Operations Manager,135150,2024-11-28
EMP0143,Robert Medina,Human Resources,HR Manager,50866,2026-04-11
EMP0144,Nicholas Adams,Sales,Sales Manager,144316,2021-06-16
EMP0145,Angelica Keith,Engineering,QA Engineer,59154,2025-02-20
EMP0146,Leonard Gray,Human Resources,HR Manager,75830,2019-01-22
EMP0147,Catherine Lewis,Finance,Financial Analyst,59219,2016-11-27
EMP0148,Spencer Haynes,Engineering,Senior Software Engineer,82227,2024-08-07
EMP0149,Travis Miller,Operations,Operations Manager,143292,2019-05-21
EMP0150,Peter Vaughn DDS,Sales,Sales Manager,76025,2023-10-28
EMP0151,Anna Walker,Customer Support,Support Team Lead,33617,2021-07-12
EMP0152,Kevin Kennedy,Sales,Sales Manager,53405,2023-07-17
EMP0153,Patrick Rivera,Finance,Financial Analyst,44208,2021-12-06
EMP0154,David Martinez,Customer Support,Support Team Lead,125491,2023-08-26
EMP0155,Joshua Gill,Operations,Operations Manager,109457,2018-07-19
EMP0156,John Hardy,Sales,Sales Manager,147899,2018-06-22
EMP0157,Diane Garcia,Human Resources,HR Manager,35817,2026-05-22
EMP0158,Christopher Smith,Customer Support,Support Executive,98146,2018-07-25
EMP0159,William Tran,Human Resources,HR Manager,86531,2021-12-18
EMP0160,Sean Henry,Sales,Account Manager,73279,2023-08-06
EMP0161,Julie Alexander,Operations,Operations Executive,124339,2025-05-08
EMP0162,Todd Woods,Finance,Finance Manager,70538,2018-06-19
EMP0163,Benjamin Soto,Customer Support,Support Team Lead,82743,2024-11-04
EMP0164,Justin Torres,Finance,Finance Manager,46683,2017-02-26
EMP0165,Phillip Obrien,Human Resources,HR Manager,117153,2026-07-24
EMP0166,Joseph Hayes,Customer Support,Support Executive,110676,2024-07-12
EMP0167,Wanda Torres,Finance,Accountant,101819,2021-01-18
EMP0168,Natalie Meza,Engineering,Engineering Manager,67606,2022-10-31
EMP0169,Matthew Moore,Human Resources,HR Manager,132990,2018-09-13
EMP0170,Aaron Hayes,Operations,Operations Manager,87905,2018-05-11
EMP0171,David Mann,IT,Network Engineer,58010,2022-07-24
EMP0172,Michael Bradshaw,IT,Network Engineer,52241,2023-08-27
EMP0173,Mary Peck,Sales,Sales Manager,97561,2024-07-01
EMP0174,Maria Kerr,Operations,Operations Executive,137272,2020-11-15
EMP0175,Christopher Parker,Human Resources,Recruiter,70687,2024-11-20
EMP0176,Donna Martinez,Human Resources,HR Executive,49313,2024-02-10
EMP0177,Terri Mason,Engineering,Software Engineer,62092,2023-07-05
EMP0178,Andrew Reynolds,IT,Network Engineer,141376,2021-07-23
EMP0179,Brandon Hayden,Sales,Sales Manager,84321,2019-11-05
EMP0180,Tiffany Key,Human Resources,Recruiter,121272,2024-12-24
EMP0181,Andrew Avila,Customer Support,Support Team Lead,82383,2023-05-06
EMP0182,Sydney White,Human Resources,HR Executive,115990,2021-04-29
EMP0183,Katherine Davis,Engineering,Software Engineer,132029,2022-06-23
EMP0184,Michael Hodge,Customer Support,Support Executive,53053,2020-02-07
EMP0185,Donna Landry,IT,System Administrator,103060,2019-12-02
EMP0186,Jordan Edwards,Human Resources,HR Executive,89829,2024-10-03
EMP0187,Jennifer Robertson,Marketing,Marketing Manager,117500,2019-11-08
EMP0188,Kimberly Gutierrez,Operations,Operations Manager,110301,2026-07-03
EMP0189,Peter Garrett,Customer Support,Support Team Lead,147598,2018-07-01
EMP0190,Joshua Pennington,Marketing,Content Strategist,142917,2024-03-22
EMP0191,Barbara Dudley,IT,IT Support Engineer,63972,2021-01-01
EMP0192,Christopher Pierce,Human Resources,Recruiter,66347,2022-09-17
EMP0193,Willie Durham,IT,Network Engineer,61358,2022-02-22
EMP0194,Ronnie Jimenez,Finance,Accountant,40155,2021-03-27
EMP0195,Denise Davenport,Finance,Financial Analyst,65614,2023-10-15
EMP0196,Juan Reyes,Operations,Operations Manager,147050,2026-06-04
EMP0197,Sherry Shields,Sales,Sales Executive,49769,2025-11-03
EMP0198,Jennifer Villa,Human Resources,HR Manager,120957,2019-05-21
EMP0199,Diane Evans,Marketing,Content Strategist,58043,2021-09-12
EMP0200,Mrs. Brittany Ryan MD,Sales,Sales Manager,83424,2022-06-29
